<?xml version="1.0" encoding="UTF-8"?>
<beans xmlns="http://www.springframework.org/schema/beans"
	xmlns:xsi="http://www.w3.org/2001/XMLSchema-instance"
	xmlns:p="http://www.springframework.org/schema/p"
	xmlns:context="http://www.springframework.org/schema/context"
	xmlns:aop="http://www.springframework.org/schema/aop"
	xsi:schemaLocation="http://www.springframework.org/schema/beans http://www.springframework.org/schema/beans/spring-beans.xsd
		http://www.springframework.org/schema/context http://www.springframework.org/schema/context/spring-context-4.2.xsd
		http://www.springframework.org/schema/aop http://www.springframework.org/schema/aop/spring-aop-4.2.xsd">
<!-- 	<bean id="tv" class="polymorphism.SamsungTV" p:speaker-ref="apple" p:price="27000000"/> -->
<!-- 	<bean id="sony" class="polymorphism.SonySpeaker"></bean>	 -->
<!-- 	<bean id="apple" class="polymorphism.AppleSpeaker"></bean>	 -->
<!-- 		<bean class="polymorphism.SonySpeaker"></bean> -->
		<context:component-scan base-package="com.springbook.biz"></context:component-scan>
<!-- 		<bean id="user" class="com.springbook.biz.user.impl.UserServiceImpl" p:userDAO-ref="userDAO"/> -->
<!-- 		<bean id="userDAO" class="com.springbook.biz.user.impl.UserDAO"/> -->
		<bean id="log" class="com.springbook.biz.common.LogAdvice"></bean>
		<bean id="beforeLog" class="com.springbook.biz.common.BeforeAdvice"></bean>
		<bean id="log4" class="com.springbook.biz.common.Log4jAdvice"></bean>
		<aop:config>
			<aop:pointcut id="allPointcut" expression="execution(* com.springbook.biz..*Impl.*(..))"/>
			<aop:pointcut id="getPointcut" expression="execution(* com.springbook.biz..*Impl.get*(..))"/>
			<aop:aspect ref="beforeLog">
				<aop:before pointcut-ref="allPointcut" method="beforeLog"/>
			</aop:aspect>
		</aop:config>	
</beans>
