<?xml version="1.0" encoding="UTF-8"?>
<beans xmlns="http://www.springframework.org/schema/beans"
	xmlns:xsi="http://www.w3.org/2001/XMLSchema-instance"
	xmlns:p="http://www.springframework.org/schema/p"
	xmlns:context="http://www.springframework.org/schema/context"
	xmlns:aop="http://www.springframework.org/schema/aop"
	xmlns:tx="http://www.springframework.org/schema/tx"
	xsi:schemaLocation="http://www.springframework.org/schema/beans http://www.springframework.org/schema/beans/spring-beans.xsd
		http://www.springframework.org/schema/context http://www.springframework.org/schema/context/spring-context-4.2.xsd 
		http://www.springframework.org/schema/aop http://www.springframework.org/schema/aop/spring-aop-4.2.xsd
		http://www.springframework.org/schema/tx http://www.springframework.org/schema/tx/spring-tx-4.2.xsd">
		<context:component-scan base-package="com.springbook.biz"></context:component-scan>
		<aop:aspectj-autoproxy/>
		
		<!-- DataSource 설정 -->
		<context:property-placeholder location="classpath:config/database.properties"/>
		<bean id="dataSource" class="org.apache.commons.dbcp.BasicDataSource" destroy-method="close">
			<property name="driverClassName" value="${jdbc.driver}"/>
			<property name="url" value="${jdbc.url}"/>
			<property name="username" value="${jdbc.username}"/>
			<property name="password" value="${jdbc.password}"/>
		</bean>
		
		<!-- SpringJDBC 설정 -->
		<bean id="jdbcTemplate" class="org.springframework.jdbc.core.JdbcTemplate">
			<property name="dataSource" ref="dataSource"></property>
		</bean>
		
		<!-- Transaction 설정 -->
		<bean id="txManager" class="org.springframework.jdbc.datasource.DataSourceTransactionManager">
			<property name="dataSource" ref="dataSource"></property>
		</bean>
		
		<tx:advice id="txAdvice" transaction-manager="txManager">
			<tx:attributes>
				<tx:method name="get*" read-only="true"/>
				<tx:method name="*"/>
			</tx:attributes>
		</tx:advice>
		
		<aop:config>
			<aop:pointcut id="txPointcut" expression="execution (* com.springbook.biz..*(..))"/>
			<aop:advisor pointcut-ref="txPointcut" advice-ref="txAdvice"/>
		</aop:config>
		
<!-- 	<bean id="tv" class="polymorphism.SamsungTV" p:speaker-ref="apple" p:price="27000000"/> -->
<!-- 	<bean id="sony" class="polymorphism.SonySpeaker"></bean>	 -->
<!-- 	<bean id="apple" class="polymorphism.AppleSpeaker"></bean>	 -->
<!-- 		<bean id="beforeLog" class="com.springbook.biz.common.BeforeAdvice"></bean> -->
<!-- 		<bean class="polymorphism.SonySpeaker"></bean> -->
<!-- 		<bean id="user" class="com.springbook.biz.user.impl.UserServiceImpl" p:userDAO-ref="userDAO"/> -->
<!-- 		<bean id="userDAO" class="com.springbook.biz.user.impl.UserDAO"/> -->
<!-- 		<bean id="log" class="com.springbook.biz.common.LogAdvice"></bean> -->
<!-- 		<bean id="afterReturningLog" class="com.springbook.biz.common.AfterReturningAdvice"></bean> -->
<!-- 		<bean id="afterThrowingLog" class="com.springbook.biz.common.AfterThrowingAdvice"></bean> -->
<!-- 		<bean id="log4" class="com.springbook.biz.common.Log4jAdvice"></bean> -->
<!-- 		<bean id="after" class="com.springbook.biz.board.AfterAdvice"/> -->
<!-- 		<bean id="around" class="com.springbook.biz.user.AroundAdvice"/> -->
<!-- 		<aop:config> -->
<!-- 			<aop:pointcut id="allPointcut" expression="execution(* com.springbook.biz..*Impl.*(..))"/> -->
<!-- 			<aop:pointcut id="getPointcut" expression="execution(* com.springbook.biz..*Impl.get*(..))"/> -->
<!-- 			<aop:aspect ref="around"> -->
<!-- 				<aop:around pointcut-ref="allPointcut" method="aroundLog"/> -->
<!-- 			</aop:aspect> -->
<!-- 		</aop:config>	 -->
</beans>
